id;date;description;description_scan;description_scan_content_type
1;2019-09-14;../fake-data/blob/hipster.txt;../fake-data/blob/hipster.png;image/png
2;2019-09-14;../fake-data/blob/hipster.txt;../fake-data/blob/hipster.png;image/png
3;2019-09-14;../fake-data/blob/hipster.txt;../fake-data/blob/hipster.png;image/png
4;2019-09-15;../fake-data/blob/hipster.txt;../fake-data/blob/hipster.png;image/png
5;2019-09-15;../fake-data/blob/hipster.txt;../fake-data/blob/hipster.png;image/png
6;2019-09-14;../fake-data/blob/hipster.txt;../fake-data/blob/hipster.png;image/png
7;2019-09-14;../fake-data/blob/hipster.txt;../fake-data/blob/hipster.png;image/png
8;2019-09-14;../fake-data/blob/hipster.txt;../fake-data/blob/hipster.png;image/png
9;2019-09-14;../fake-data/blob/hipster.txt;../fake-data/blob/hipster.png;image/png
10;2019-09-15;../fake-data/blob/hipster.txt;../fake-data/blob/hipster.png;image/png
